<?xml version="1.0" encoding="UTF-8" ?>
<!DOCTYPE chapter PUBLIC "-//OASIS//DTD DocBook XML V4.3//EN"
	  "http://www.oasis-open.org/docbook/xml/4.3/docbookx.dtd">
<chapter id='Pixmap_and_Cursor_Functions'>
<title>Pixmap and Cursor Functions</title>
<sect1 id="Creating_and_Freeing_Pixmaps">
<title>Creating and Freeing Pixmaps</title>
<!-- .XS -->
<!-- (SN Creating and Freeing Pixmaps -->
<!-- .XE -->
<para>
<!-- .LP -->
Pixmaps can only be used on the screen on which they were created.
Pixmaps are off-screen resources that are used for various operations,
such as defining cursors as tiling patterns 
or as the source for certain raster operations.
Most graphics requests can operate either on a window or on a pixmap.
A bitmap is a single bit-plane pixmap.
</para>
<para>
<!-- .LP -->
<!-- .sp -->
To create a pixmap of a given size, use
<xref linkend='XCreatePixmap' xrefstyle='select: title'/>.
</para>
<indexterm significance="preferred"><primary>XCreatePixmap</primary></indexterm>
<!-- .sM -->
<funcsynopsis id='XCreatePixmap'>
<funcprototype>
  <funcdef>Pixmap <function>XCreatePixmap</function></funcdef>
  <paramdef>Display *<parameter>display</parameter></paramdef>
  <paramdef>Drawable <parameter>d</parameter></paramdef>
  <paramdef>unsigned int <parameter>width</parameter></paramdef>
  <paramdef>unsigned int <parameter>height</parameter></paramdef>
  <paramdef>unsigned int <parameter>depth</parameter></paramdef>
</funcprototype>
</funcsynopsis>
<!-- .FN -->
<variablelist>
  <varlistentry>
    <term>
      <emphasis remap='I'>display</emphasis>
    </term>
    <listitem>
      <para>
Specifies the connection to the X server.
      </para>
    </listitem>
  </varlistentry>
  <varlistentry>
    <term>
      <emphasis remap='I'>d</emphasis>
    </term>
    <listitem>
      <para>
Specifies which screen the pixmap is created on. 
      </para>
    </listitem>
  </varlistentry>
  <varlistentry>
    <term>
      <emphasis remap='I'>width</emphasis>
    </term>
    <listitem>
      <para>
<!-- .br -->
<!-- .ns -->
      </para>
    </listitem>
  </varlistentry>
  <varlistentry>
    <term>
      <emphasis remap='I'>height</emphasis>
    </term>
    <listitem>
      <para>
Specify the width and height, which define the dimensions of the pixmap.
      </para>
    </listitem>
  </varlistentry>
  <varlistentry>
    <term>
      <emphasis remap='I'>depth</emphasis>
    </term>
    <listitem>
      <para>
Specifies the depth of the pixmap.
    </para>
  </listitem>
  </varlistentry>
</variablelist>
<para>
<!-- .LP -->
<!-- .eM  -->
The
<xref linkend='XCreatePixmap' xrefstyle='select: title'/>
function creates a pixmap of the width, height, and depth you specified
and returns a pixmap ID that identifies it.
It is valid to pass an 
<symbol>InputOnly</symbol>
window to the drawable argument.
The width and height arguments must be nonzero,
or a 
<errorname>BadValue</errorname>
error results.
The depth argument must be one of the depths supported by the screen
of the specified drawable,
or a
<errorname>BadValue</errorname>
error results.
</para>
<para>
<!-- .LP -->
The server uses the specified drawable to determine on which screen
to create the pixmap.
The pixmap can be used only on this screen
and only with other drawables of the same depth (see
<xref linkend='XCopyPlane' xrefstyle='select: title'/>
for an exception to this rule).
The initial contents of the pixmap are undefined.
</para>
<para>
<!-- .LP -->
<xref linkend='XCreatePixmap' xrefstyle='select: title'/>
can generate
<errorname>BadAlloc</errorname>,
<errorname>BadDrawable</errorname>,
and
<errorname>BadValue</errorname>
errors.
</para>
<para>
<!-- .LP -->
<!-- .sp -->
To free all storage associated with a specified pixmap, use
<xref linkend='XFreePixmap' xrefstyle='select: title'/>.
</para>
<indexterm significance="preferred"><primary>XFreePixmap</primary></indexterm>
<!-- .sM -->
<funcsynopsis id='XFreePixmap'>
<funcprototype>
  <funcdef><function>XFreePixmap</function></funcdef>
  <paramdef>Display *<parameter>display</parameter></paramdef>
  <paramdef>Pixmap <parameter>pixmap</parameter></paramdef>
</funcprototype>
</funcsynopsis>
<!-- .FN	 -->
<variablelist>
  <varlistentry>
    <term>
      <emphasis remap='I'>display</emphasis>
    </term>
    <listitem>
      <para>
Specifies the connection to the X server.
      </para>
    </listitem>
  </varlistentry>
  <varlistentry>
    <term>
      <emphasis remap='I'>pixmap</emphasis>
    </term>
    <listitem>
      <para>
Specifies the pixmap.
    </para>
  </listitem>
  </varlistentry>
</variablelist>
<para>
<!-- .LP -->
<!-- .eM  -->
The
<xref linkend='XFreePixmap' xrefstyle='select: title'/>
function first deletes the association between the pixmap ID and the pixmap.
Then, the X server frees the pixmap storage when there are no references to it.
The pixmap should never be referenced again.
</para>
<para>
<!-- .LP -->
<xref linkend='XFreePixmap' xrefstyle='select: title'/>
can generate a
<errorname>BadPixmap</errorname>
error.
</para>
</sect1>
<sect1 id="Creating_Recoloring_and_Freeing_Cursors">
<title>Creating, Recoloring, and Freeing Cursors</title>
<!-- .XS -->
<!-- (SN Creating, Recoloring, and Freeing Cursors  -->
<!-- .XE -->
<para>
<!-- .LP -->
Each window can have a different cursor defined for it.
Whenever the pointer is in a visible window, 
it is set to the cursor defined for that window.
If no cursor was defined for that window, 
the cursor is the one defined for the parent window.
</para>
<para>
<!-- .LP -->
From X's perspective, 
a cursor consists of a cursor source, mask, colors, and a hotspot. 
The mask pixmap determines the shape of the cursor and must be a depth
of one.
The source pixmap must have a depth of one,
and the colors determine the colors of the source.
The hotspot defines the point on the cursor that is reported
when a pointer event occurs.
There may be limitations imposed by the hardware on
cursors as to size and whether a mask is implemented. 
<indexterm><primary>XQueryBestCursor</primary></indexterm>
<xref linkend='XQueryBestCursor' xrefstyle='select: title'/>
can be used to find out what sizes are possible.
There is a standard font for creating cursors, but
Xlib provides functions that you can use to create cursors
from an arbitrary font or from bitmaps.
</para>
<para>
<!-- .LP -->
<!-- .sp -->
To create a cursor from the standard cursor font, use
<xref linkend='XCreateFontCursor' xrefstyle='select: title'/>.
</para>
<para>
#include &lt;X11/cursorfont.h&gt;
</para>

<indexterm significance="preferred"><primary>XCreateFontCursor</primary></indexterm>
<!-- .sM -->
<funcsynopsis id='XCreateFontCursor'>
<funcprototype>
  <funcdef>Cursor <function>XCreateFontCursor</function></funcdef>
  <paramdef>Display *<parameter>display</parameter></paramdef>
  <paramdef>unsigned int <parameter>shape</parameter></paramdef>
</funcprototype>
</funcsynopsis>

<!-- .FN -->
<variablelist>
  <varlistentry>
    <term>
      <emphasis remap='I'>display</emphasis>
    </term>
    <listitem>
      <para>
Specifies the connection to the X server.
      </para>
    </listitem>
  </varlistentry>
  <varlistentry>
    <term>
      <emphasis remap='I'>shape</emphasis>
    </term>
    <listitem>
      <para>
Specifies the shape of the cursor.
    </para>
  </listitem>
  </varlistentry>
</variablelist>

<para>
<!-- .LP -->
<!-- .eM -->
X provides a set of standard cursor shapes in a special font named
cursor.
Applications are encouraged to use this interface for their cursors
because the font can be customized for the individual display type.
The shape argument specifies which glyph of the standard fonts
to use.
</para>
<para>
<!-- .LP -->
The hotspot comes from the information stored in the cursor font.
The initial colors of a cursor are a black foreground and a white
background (see
<xref linkend='XRecolorCursor' xrefstyle='select: title'/>).
For further information about cursor shapes,
see <link linkend="x_font_cursors">appendix B</link>.
</para>
<para>
<!-- .LP -->
<xref linkend='XCreateFontCursor' xrefstyle='select: title'/>
can generate
<errorname>BadAlloc</errorname>
and
<errorname>BadValue</errorname>
errors.
</para>
<para>
<!-- .LP -->
<!-- .sp -->
To create a cursor from font glyphs, use
<xref linkend='XCreateGlyphCursor' xrefstyle='select: title'/>.
</para>
<indexterm significance="preferred"><primary>XCreateGlyphCursor</primary></indexterm>
<!-- .sM -->
<funcsynopsis id='XCreateGlyphCursor'>
<funcprototype>
  <funcdef>Cursor <function>XCreateGlyphCursor</function></funcdef>
  <paramdef>Display *<parameter>display</parameter></paramdef>
  <paramdef>Font <parameter>source_font</parameter></paramdef>
  <paramdef>Font <parameter>mask_font</parameter></paramdef>
  <paramdef>unsigned int <parameter>source_char</parameter></paramdef>
  <paramdef>unsigned int <parameter>mask_char</parameter></paramdef>
  <paramdef>XColor *<parameter>foreground_color</parameter></paramdef>
  <paramdef>XColor *<parameter>background_color</parameter></paramdef>
</funcprototype>
</funcsynopsis>
<!-- .FN -->
<variablelist>
  <varlistentry>
    <term>
      <emphasis remap='I'>display</emphasis>
    </term>
    <listitem>
      <para>
Specifies the connection to the X server.
      </para>
    </listitem>
  </varlistentry>
  <varlistentry>
    <term>
      <emphasis remap='I'>source_font</emphasis>
    </term>
    <listitem>
      <para>
Specifies the font for the source glyph.
      </para>
    </listitem>
  </varlistentry>
  <varlistentry>
    <term>
      <emphasis remap='I'>mask_font</emphasis>
    </term>
    <listitem>
      <para>
Specifies the font for the mask glyph or
<symbol>None</symbol>.
      </para>
    </listitem>
  </varlistentry>
  <varlistentry>
    <term>
      <emphasis remap='I'>source_char</emphasis>
    </term>
    <listitem>
      <para>
Specifies the character glyph for the source.
      </para>
    </listitem>
  </varlistentry>
  <varlistentry>
    <term>
      <emphasis remap='I'>mask_char</emphasis>
    </term>
    <listitem>
      <para>
Specifies the glyph character for the mask. 
      </para>
    </listitem>
  </varlistentry>
  <varlistentry>
    <term>
      <emphasis remap='I'>foreground_color</emphasis>
    </term>
    <listitem>
      <para>
Specifies the <acronym>RGB</acronym> values for the foreground of the source. 
      </para>
    </listitem>
  </varlistentry>
  <varlistentry>
    <term>
      <emphasis remap='I'>background_color</emphasis>
    </term>
    <listitem>
      <para>
Specifies the <acronym>RGB</acronym> values for the background of the source.
    </para>
  </listitem>
  </varlistentry>
</variablelist>
<para>
<!-- .LP -->
<!-- .eM -->
The
<xref linkend='XCreateGlyphCursor' xrefstyle='select: title'/>
function is similar to
<xref linkend='XCreatePixmapCursor' xrefstyle='select: title'/>
except that the source and mask bitmaps are obtained from the specified 
font glyphs.
The source_char must be a defined glyph in source_font, 
or a
<errorname>BadValue</errorname>
error results.
If mask_font is given, 
mask_char must be a defined glyph in mask_font,
or a
<errorname>BadValue</errorname>
error results.
The mask_font and character are optional.
The origins of the source_char and mask_char (if defined) glyphs are
positioned coincidently and define the hotspot. 
The source_char and mask_char need not have the same bounding box metrics, 
and there is no restriction on the placement of the hotspot relative to the bounding
boxes. 
If no mask_char is given, all pixels of the source are displayed.
You can free the fonts immediately by calling
<xref linkend='XFreeFont' xrefstyle='select: title'/>
if no further explicit references to them are to be made. 
</para>
<para>
<!-- .LP -->
For 2-byte matrix fonts, 
the 16-bit value should be formed with the byte1
member in the most significant byte and the byte2 member in the 
least significant byte.
</para>
<para>
<!-- .LP -->
<xref linkend='XCreateGlyphCursor' xrefstyle='select: title'/>
can generate
<errorname>BadAlloc</errorname>,
<errorname>BadFont</errorname>,
and
<errorname>BadValue</errorname>
errors.
</para>
<para>
<!-- .LP -->
<!-- .sp -->
To create a cursor from two bitmaps,
use
<xref linkend='XCreatePixmapCursor' xrefstyle='select: title'/>.
</para>
<indexterm significance="preferred"><primary>XCreatePixmapCursor</primary></indexterm>
<!-- .sM -->
<funcsynopsis id='XCreatePixmapCursor'>
<funcprototype>
  <funcdef>Cursor <function>XCreatePixmapCursor</function></funcdef>
  <paramdef>Display *<parameter>display</parameter></paramdef>
  <paramdef>Pixmap <parameter>source</parameter></paramdef>
  <paramdef>Pixmap <parameter>mask</parameter></paramdef>
  <paramdef>XColor *<parameter>foreground_color</parameter></paramdef>
  <paramdef>XColor *<parameter>background_color</parameter></paramdef>
  <paramdef>unsigned int <parameter>x</parameter></paramdef>
  <paramdef>unsigned int <parameter>y</parameter></paramdef>
</funcprototype>
</funcsynopsis>
<!-- .FN -->
<variablelist>
  <varlistentry>
    <term>
      <emphasis remap='I'>display</emphasis>
    </term>
    <listitem>
      <para>
Specifies the connection to the X server.
      </para>
    </listitem>
  </varlistentry>
  <varlistentry>
    <term>
      <emphasis remap='I'>source</emphasis>
    </term>
    <listitem>
      <para>
Specifies the shape of the source cursor.
<!-- .\" *** JIM: NEED TO CHECK THIS. *** -->
      </para>
    </listitem>
  </varlistentry>
  <varlistentry>
    <term>
      <emphasis remap='I'>mask</emphasis>
    </term>
    <listitem>
      <para>
Specifies the cursor's source bits to be displayed or
<symbol>None</symbol>.
      </para>
    </listitem>
  </varlistentry>
  <varlistentry>
    <term>
      <emphasis remap='I'>foreground_color</emphasis>
    </term>
    <listitem>
      <para>
Specifies the <acronym>RGB</acronym> values for the foreground of the source. 
      </para>
    </listitem>
  </varlistentry>
  <varlistentry>
    <term>
      <emphasis remap='I'>background_color</emphasis>
    </term>
    <listitem>
      <para>
Specifies the <acronym>RGB</acronym> values for the background of the source.
      </para>
    </listitem>
  </varlistentry>
  <varlistentry>
    <term>
      <emphasis remap='I'>x</emphasis>
    </term>
    <listitem>
      <para>
<!-- .br -->
<!-- .ns -->
      </para>
    </listitem>
  </varlistentry>
  <varlistentry>
    <term>
      <emphasis remap='I'>y</emphasis>
    </term>
    <listitem>
      <para>
Specify the x and y coordinates, which indicate the hotspot relative to the
source's origin.
    </para>
  </listitem>
  </varlistentry>
</variablelist>
<para>
<!-- .LP -->
<!-- .eM -->
The
<xref linkend='XCreatePixmapCursor' xrefstyle='select: title'/>
function creates a cursor and returns the cursor ID associated with it.
The foreground and background <acronym>RGB</acronym> values must be specified using
foreground_color and background_color,
even if the X server only has a
<symbol>StaticGray</symbol>
or
<symbol>GrayScale</symbol>
screen.
The foreground color is used for the pixels set to 1 in the
source, and the background color is used for the pixels set to 0.
Both source and mask, if specified, must have depth one (or a 
<errorname>BadMatch</errorname>
error results) but can have any root.
The mask argument defines the shape of the cursor.
The pixels set to 1 in the mask define which source pixels are displayed,
and the pixels set to 0 define which pixels are ignored.
If no mask is given, 
all pixels of the source are displayed.
The mask, if present, must be the same size as the pixmap defined by the 
source argument, or a
<errorname>BadMatch</errorname>
error results.
The hotspot must be a point within the source,
or a
<errorname>BadMatch</errorname>
error results.
</para>
<para>
<!-- .LP -->
The components of the cursor can be transformed arbitrarily to meet
display limitations.
The pixmaps can be freed immediately if no further explicit references
to them are to be made.
Subsequent drawing in the source or mask pixmap has an undefined effect on the
cursor.
The X server might or might not make a copy of the pixmap.
</para>
<para>
<!-- .LP -->
<xref linkend='XCreatePixmapCursor' xrefstyle='select: title'/>
can generate
<errorname>BadAlloc</errorname>
and
<errorname>BadPixmap</errorname>
errors.
</para>
<para>
<!-- .LP -->
<!-- .sp -->
To determine useful cursor sizes, use
<xref linkend='XQueryBestCursor' xrefstyle='select: title'/>.
</para>
<indexterm significance="preferred"><primary>XQueryBestCursor</primary></indexterm>
<!-- .sM -->
<funcsynopsis id='XQueryBestCursor'>
<funcprototype>
  <funcdef>Status <function>XQueryBestCursor</function></funcdef>
  <paramdef>Display *<parameter>display</parameter></paramdef>
  <paramdef>Drawable <parameter>d</parameter></paramdef>
  <paramdef>unsigned int <parameter>width</parameter></paramdef>
  <paramdef>unsigned int <parameter>height</parameter></paramdef>
  <paramdef>unsigned int *<parameter>width_return</parameter></paramdef>
  <paramdef>unsigned int *<parameter>height_return</parameter></paramdef>
</funcprototype>
</funcsynopsis>
<!-- .FN -->
<variablelist>
  <varlistentry>
    <term>
      <emphasis remap='I'>display</emphasis>
    </term>
    <listitem>
      <para>
Specifies the connection to the X server.
      </para>
    </listitem>
  </varlistentry>
  <varlistentry>
    <term>
      <emphasis remap='I'>d</emphasis>
    </term>
    <listitem>
      <para>
Specifies the drawable, which indicates the screen.
      </para>
    </listitem>
  </varlistentry>
  <varlistentry>
    <term>
      <emphasis remap='I'>width</emphasis>
    </term>
    <listitem>
      <para>
<!-- .br -->
<!-- .ns -->
      </para>
    </listitem>
  </varlistentry>
  <varlistentry>
    <term>
      <emphasis remap='I'>height</emphasis>
    </term>
    <listitem>
      <para>
Specify the width and height of the cursor that you want the size
information for.
      </para>
    </listitem>
  </varlistentry>
  <varlistentry>
    <term>
      <emphasis remap='I'>width_return</emphasis>
    </term>
    <listitem>
      <para>
<!-- .br -->
<!-- .ns -->
      </para>
    </listitem>
  </varlistentry>
  <varlistentry>
    <term>
      <emphasis remap='I'>height_return</emphasis>
    </term>
    <listitem>
      <para>
Return the best width and height that is closest to the specified width 
and height.
    </para>
  </listitem>
  </varlistentry>
</variablelist>
<para>
<!-- .LP -->
<!-- .eM -->
Some displays allow larger cursors than other displays.
The
<xref linkend='XQueryBestCursor' xrefstyle='select: title'/>
function provides a way to find out what size cursors are actually
possible on the display.
<indexterm ><primary>Cursor</primary><secondary>limitations</secondary></indexterm>
It returns the largest size that can be displayed.
Applications should be prepared to use smaller cursors on displays that
cannot support large ones.
</para>
<para>
<!-- .LP -->
<xref linkend='XQueryBestCursor' xrefstyle='select: title'/>
can generate a
<errorname>BadDrawable</errorname>
error.
</para>
<para>
<!-- .LP -->
<!-- .sp -->
To change the color of a given cursor, use
<xref linkend='XRecolorCursor' xrefstyle='select: title'/>.
</para>
<indexterm significance="preferred"><primary>XRecolorCursor</primary></indexterm>
<!-- .sM -->
<funcsynopsis id='XRecolorCursor'>
<funcprototype>
  <funcdef><function>XRecolorCursor</function></funcdef>
  <paramdef>Display *<parameter>display</parameter></paramdef>
  <paramdef>Cursor <parameter>cursor</parameter></paramdef>
  <paramdef>XColor *<parameter>foreground_color</parameter></paramdef>
  <paramdef>XColor *<parameter>background_color</parameter></paramdef>
</funcprototype>
</funcsynopsis>
<!-- .FN -->
<variablelist>
  <varlistentry>
    <term>
      <emphasis remap='I'>display</emphasis>
    </term>
    <listitem>
      <para>
Specifies the connection to the X server.
      </para>
    </listitem>
  </varlistentry>
  <varlistentry>
    <term>
      <emphasis remap='I'>cursor</emphasis>
    </term>
    <listitem>
      <para>
Specifies the cursor. 
      </para>
    </listitem>
  </varlistentry>
  <varlistentry>
    <term>
      <emphasis remap='I'>foreground_color</emphasis>
    </term>
    <listitem>
      <para>
Specifies the <acronym>RGB</acronym> values for the foreground of the source. 
      </para>
    </listitem>
  </varlistentry>
  <varlistentry>
    <term>
      <emphasis remap='I'>background_color</emphasis>
    </term>
    <listitem>
      <para>
Specifies the <acronym>RGB</acronym> values for the background of the source.
    </para>
  </listitem>
  </varlistentry>
</variablelist>
<para>
<!-- .LP -->
<!-- .eM -->
The
<xref linkend='XRecolorCursor' xrefstyle='select: title'/>
function changes the color of the specified cursor, and
if the cursor is being displayed on a screen,
the change is visible immediately.
The pixel members of the
<structname>XColor</structname>
structures are ignored; only the <acronym>RGB</acronym> values are used.
</para>
<para>
<!-- .LP -->
<xref linkend='XRecolorCursor' xrefstyle='select: title'/>
can generate a
<errorname>BadCursor</errorname>
error.
</para>
<para>
<!-- .LP -->
<!-- .sp -->
To free (destroy) a given cursor, use
<xref linkend='XFreeCursor' xrefstyle='select: title'/>.
</para>
<indexterm significance="preferred"><primary>XFreeCursor</primary></indexterm>
<!-- .sM -->
<funcsynopsis id='XFreeCursor'>
<funcprototype>
  <funcdef><function>XFreeCursor</function></funcdef>
  <paramdef>Display *<parameter>display</parameter></paramdef>
  <paramdef>Cursor <parameter>cursor</parameter></paramdef>
</funcprototype>
</funcsynopsis>
<!-- .FN -->
<variablelist>
  <varlistentry>
    <term>
      <emphasis remap='I'>display</emphasis>
    </term>
    <listitem>
      <para>
Specifies the connection to the X server.
      </para>
    </listitem>
  </varlistentry>
  <varlistentry>
    <term>
      <emphasis remap='I'>cursor</emphasis>
    </term>
    <listitem>
      <para>
Specifies the cursor. 
    </para>
  </listitem>
  </varlistentry>
</variablelist>
<para>
<!-- .LP -->
<!-- .eM  -->
The
<xref linkend='XFreeCursor' xrefstyle='select: title'/>
function deletes the association between the cursor resource ID 
and the specified cursor.
The cursor storage is freed when no other resource references it.
The specified cursor ID should not be referred to again.
</para>
<para>
<!-- .LP -->
<xref linkend='XFreeCursor' xrefstyle='select: title'/>
can generate a
<errorname>BadCursor</errorname>
error.
<!-- .bp -->

</para>
</sect1>
</chapter>
