<?xml version="1.0" encoding="UTF-8" ?>
<!DOCTYPE book
          PUBLIC "-//OASIS//DTD DocBook XML V4.3//EN"
          "http://www.oasis-open.org/docbook/xml/4.3/docbookx.dtd"
[
<!ENTITY % defs SYSTEM "defs.ent"> %defs;
]>

<book id="xkbproto">

<bookinfo>
   <title>The X Keyboard Extension: Protocol Specification</title>
   <subtitle>X Consortium Standard</subtitle>
   <author>
     <firstname>Erik</firstname>
     <surname>Fortune</surname>
     <affiliation><orgname>Silicon Graphics, Inc</orgname></affiliation>
   </author>
   <releaseinfo>X Version 11, Release &fullrelvers;</releaseinfo>
   <releaseinfo>Version 1.0</releaseinfo>
   <copyright><year>1995</year><year>1996</year>
     <holder>X Consortium Inc.</holder>
     <holder>Silicon Graphics Inc.</holder>
     <holder>Hewlett-Packard Company</holder>
     <holder>Digital Equipment Corporation</holder>
   </copyright>
<legalnotice>
<para>
Permission is hereby granted, free of charge, to any person obtaining a copy of this software and associated documentation files (the “Software”), to deal in the Software without restriction, including without limitation the rights to use, copy, modify, merge, publish, distribute, sublicense, and/or sell copies of the Software, and to permit persons to whom the Software is furnished to do so, subject to the following conditions:
</para>
<para>
The above copyright notice and this permission notice shall be included in all copies or substantial portions of the Software.
</para>
<para>
THE SOFTWARE IS PROVIDED &ldquo;AS IS&rdquo;, WITHOUT WARRANTY OF ANY KIND, EXPRESS OR IMPLIED, INCLUDING BUT NOT LIMITED TO THE WARRANTIES OF MERCHANTABILITY, FITNESS FOR A PARTICULAR PURPOSE AND NONINFRINGEMENT. IN NO EVENT SHALL THE X CONSORTIUM BE LIABLE FOR ANY CLAIM, DAMAGES OR OTHER LIABILITY, WHETHER IN AN ACTION OF CONTRACT, TORT OR OTHERWISE, ARISING FROM, OUT OF OR IN CONNECTION WITH THE SOFTWARE OR THE USE OR OTHER DEALINGS IN THE SOFTWARE.
</para>
<para>
Except as contained in this notice, the names of the X Consortium, Silicon Graphics Inc., Hewlett-Packard Company, and Digital Equipment Corporation shall not be used in advertising or otherwise to promote the sale, use or other dealings in this Software without prior written authorization.
</para>
</legalnotice>

</bookinfo>

<xi:include xmlns:xi="http://www.w3.org/2001/XInclude"  href="acknowledgements.xml"/>
<xi:include xmlns:xi="http://www.w3.org/2001/XInclude"  href="ch01.xml"/>
<xi:include xmlns:xi="http://www.w3.org/2001/XInclude"  href="ch02.xml"/>
<xi:include xmlns:xi="http://www.w3.org/2001/XInclude"  href="ch03.xml"/>
<xi:include xmlns:xi="http://www.w3.org/2001/XInclude"  href="ch04.xml"/>
<xi:include xmlns:xi="http://www.w3.org/2001/XInclude"  href="ch05.xml"/>
<xi:include xmlns:xi="http://www.w3.org/2001/XInclude"  href="ch06.xml"/>
<xi:include xmlns:xi="http://www.w3.org/2001/XInclude"  href="ch07.xml"/>
<xi:include xmlns:xi="http://www.w3.org/2001/XInclude"  href="ch08.xml"/>
<xi:include xmlns:xi="http://www.w3.org/2001/XInclude"  href="ch09.xml"/>
<xi:include xmlns:xi="http://www.w3.org/2001/XInclude"  href="ch10.xml"/>
<xi:include xmlns:xi="http://www.w3.org/2001/XInclude"  href="ch11.xml"/>
<xi:include xmlns:xi="http://www.w3.org/2001/XInclude"  href="ch12.xml"/>
<xi:include xmlns:xi="http://www.w3.org/2001/XInclude"  href="ch13.xml"/>
<xi:include xmlns:xi="http://www.w3.org/2001/XInclude"  href="ch14.xml"/>
<xi:include xmlns:xi="http://www.w3.org/2001/XInclude"  href="ch15.xml"/>
<xi:include xmlns:xi="http://www.w3.org/2001/XInclude"  href="ch16.xml"/>
<xi:include xmlns:xi="http://www.w3.org/2001/XInclude"  href="appA.xml"/>
<xi:include xmlns:xi="http://www.w3.org/2001/XInclude"  href="appB.xml"/>
<xi:include xmlns:xi="http://www.w3.org/2001/XInclude"  href="appC.xml"/>
<xi:include xmlns:xi="http://www.w3.org/2001/XInclude"  href="appD.xml"/>

<!--
<xi:include xmlns:xi="http://www.w3.org/2001/XInclude"  href="credits.xml"/>
<xi:include xmlns:xi="http://www.w3.org/2001/XInclude"  href="glossary.xml"/>
-->
</book>
